Prompt_Index,Variability,True_Label
0,0.49792959773196915,1
3,0.49792959773196915,0
15,0.4330127018922193,0
18,0.49792959773196915,0
